"ID","Team","Title","Description","Status","Estimate","Priority","Project ID","Project","Creator","Assignee","Labels","Cycle Number","Cycle Name","Cycle Start","Cycle End","Created","Updated","Started","Triaged","Completed","Canceled","Archived","Due Date","Parent issue","Initiatives","Project Milestone ID","Project Milestone","SLA Status","UUID","Time in status (minutes)","Related to","Blocked by","Duplicate of"
"JV-81","Joao Viegas Workspace","Check locations not appearing","","Backlog",,"Medium",,,"joao.viegas@procimo.com","joao.viegas@procimo.com","DMS",,,,,"2026-07-21T17:10:17.923Z","2026-07-21T17:10:17.923Z",,,,,,,,"",,,,"bb6ffac8-fd18-4583-b7ac-3cae786579d0",81590,"","",
"JV-252","Joao Viegas Workspace","Review the spec documentation","","Backlog",,"Urgent",,,"joao.viegas@procimo.com","joao.viegas@procimo.com","DMS",,,,,"2026-09-08T08:41:57.894Z","2026-09-11T12:51:53.605Z",,,,,,,,"",,,,"6a65241d-5fc6-42e6-8105-10dd00d382c9",8441,"","",
"JV-194","Joao Viegas Workspace","Help Jhordan with planning the Get2Zero Pro Reestruturação","","Backlog",,"High",,,"joao.viegas@procimo.com","joao.viegas@procimo.com","Get2Zero Pro",,,,,"2026-08-11T08:08:38.073Z","2026-08-31T14:30:54.330Z",,,,,,,,"",,,,"086c1fd4-23d8-4825-a869-72aa7faac965",22710,"","",
"JV-191","Joao Viegas Workspace","Generate the feature spec documentation from the codebase","","Backlog",,"High",,,"joao.viegas@procimo.com","joao.viegas@procimo.com","Get2Zero Pro",,,,,"2026-08-11T08:06:33.137Z","2026-08-31T14:30:56.475Z",,,,,,,,"",,,,"3d1a3918-08f0-45eb-abc5-78fcf1aef8fa",22710,"","",
"JV-12","Joao Viegas Workspace","Plan configuring Supabase and Coolify on Hetzner server",,"Backlog",,"No priority",,,"joao.viegas@procimo.com","joao.viegas@procimo.com","Leadership",,,,,"2026-07-03T11:12:40.657Z","2026-07-21T09:19:01.804Z",,,,,,,,"",,,,"bdf38a1a-f65a-4c2a-a587-fcc6365c5c78",106409,"","",
"JV-28","Joao Viegas Workspace","Evaluate what we will need in terms of team for supporting the Tracker, SIMS, and MES expansion",,"Backlog",,"No priority",,,"joao.viegas@procimo.com","joao.viegas@procimo.com","Leadership",,,,,"2026-07-06T09:48:45.836Z","2026-07-23T09:01:41.334Z",,,,,,,,"",,,,"d7cd09d8-789c-4074-9d31-19c183dd8d74",103632,"","",
"JV-58","Joao Viegas Workspace","Create the analysis documentation about small projects","Estimate the effort and the cost of it.","Backlog",,"Medium",,,"joao.viegas@procimo.com","joao.viegas@procimo.com","Leadership",,,,,"2026-07-17T13:33:09.765Z","2026-07-21T09:19:01.707Z",,,,,,,,"",,,,"4f21182e-41e6-47a1-b8c7-ee7031134405",82065,"","",
"JV-78","Joao Viegas Workspace","Create the documentation for Technical Refinement","","Backlog",,"Medium",,,"joao.viegas@procimo.com","joao.viegas@procimo.com","Leadership",,,,,"2026-07-21T15:09:40.420Z","2026-07-22T15:50:11.067Z",,,,,,,,"",,,,"3d19a353-f77b-4a4c-9a9b-054085f62508",81305,"","",
"JV-79","Joao Viegas Workspace","Create the documentation for the Sprint Planning","","Backlog",,"Medium",,,"joao.viegas@procimo.com","joao.viegas@procimo.com","Leadership",,,,,"2026-07-21T15:09:49.338Z","2026-07-22T15:50:13.868Z",,,,,,,,"",,,,"c9a15b41-8777-42eb-9a44-25cd66bdb6d3",81305,"","",
"JV-144","Joao Viegas Workspace","Improve the digital presence on LinkedIn","","Backlog",,"Medium",,,"joao.viegas@procimo.com","joao.viegas@procimo.com","Leadership",,,,,"2026-08-03T20:08:36.065Z","2026-08-03T20:08:36.065Z",,,,,,,,"",,,,"ecc3bc60-58b4-4186-9634-02519854df8a",62692,"","",
"JV-211","Joao Viegas Workspace","Follow-up QA Process and documentation","","Backlog",,"Medium",,,"joao.viegas@procimo.com","joao.viegas@procimo.com","Leadership",,,,,"2026-08-14T09:59:10.215Z","2026-08-31T23:10:09.495Z",,,,,,"2026-08-31T23:00:00.000Z",,"",,,,"536da4bb-3873-45ba-981a-8652ff990448",47462,"","",
"JV-209","Joao Viegas Workspace","Organize the Mailchimp accounts","","Backlog",,"Medium",,,"joao.viegas@procimo.com","joao.viegas@procimo.com","Leadership",,,,,"2026-08-13T14:07:58.997Z","2026-08-31T11:39:28.334Z",,,,,,,,"",,,,"3679d2cf-6784-44d9-a084-fbb756a2f462",22881,"","",
"JV-230","Joao Viegas Workspace","Configure the Get2C support on ITSM","","Backlog",,"High",,,"joao.viegas@procimo.com","joao.viegas@procimo.com","Leadership",,,,,"2026-08-31T08:30:32.542Z","2026-08-31T14:30:49.123Z",,,,,,,,"",,,,"5b1679ed-f5b4-4fdc-b306-5274d20eb08d",22710,"","",
"JV-259","Joao Viegas Workspace","Get access back to Hetzner","","Backlog",,"High",,,"joao.viegas@procimo.com","joao.viegas@procimo.com","Leadership",,,,,"2026-09-08T08:52:38.966Z","2026-09-08T13:55:30.252Z",,,,,,,,"",,,,"9f9b1926-eb20-43f8-96b5-276509f6b916",11225,"","",
"JV-268","Joao Viegas Workspace","Send an email to Fred with the points he needs to follow-up Teresa","","Backlog",,"Medium",,,"joao.viegas@procimo.com","joao.viegas@procimo.com","Leadership",,,,,"2026-09-09T13:20:53.685Z","2026-09-09T13:20:53.685Z",,,,,,,,"",,,,"940cc4ff-b667-4a98-b39e-eaf5209c3f5a",9820,"","",
"JV-258","Joao Viegas Workspace","Process the monthly strategy meeting notes","","Backlog",,"High",,,"joao.viegas@procimo.com","joao.viegas@procimo.com","Leadership",,,,,"2026-09-08T08:52:05.552Z","2026-09-11T12:52:09.315Z",,,,,,,,"",,,,"407b6e6d-b9f4-4822-9e35-3e6607de6575",6969,"","",
"JV-72","Joao Viegas Workspace","Add an export to the KPIs and issues data for a date range","","Backlog",,"Medium",,,"joao.viegas@procimo.com","joao.viegas@procimo.com","Procimo Internal",,,,,"2026-07-21T10:40:47.729Z","2026-07-21T10:40:47.729Z",,,,,,,,"",,,,"fdedd57a-bee5-4962-9599-0f554907d8fe",81980,"","",
"JV-86","Joao Viegas Workspace","Add a module to display a dashboard with the projects health status and deployed versions organized by environments","","Backlog",,"Medium",,,"joao.viegas@procimo.com","joao.viegas@procimo.com","Procimo Internal",,,,,"2026-07-22T09:40:56.017Z","2026-07-22T09:40:56.017Z",,,,,,,,"",,,,"3ba021f2-9225-465f-834f-e8e6ee8874cc",80600,"","",
"JV-98","Joao Viegas Workspace","Create a development environment","","Backlog",,"Medium",,,"joao.viegas@procimo.com","joao.viegas@procimo.com","Procimo Internal",,,,,"2026-07-24T08:33:43.580Z","2026-07-24T08:33:43.580Z",,,,,,,,"",,,,"d1c8ecc9-cbe7-4488-9db7-a35b176b1d59",77787,"","",
"JV-99","Joao Viegas Workspace","Migrate the production database to Supabase","","Backlog",,"Medium",,,"joao.viegas@procimo.com","joao.viegas@procimo.com","Procimo Internal",,,,,"2026-07-24T08:33:56.342Z","2026-07-24T08:33:56.342Z",,,,,,,,"",,,,"695b81eb-a966-4477-a3ce-8134c026dbb0",77787,"","",
"JV-100","Joao Viegas Workspace","Provision the development environment","","Backlog",,"Medium",,,"joao.viegas@procimo.com","joao.viegas@procimo.com","Procimo Internal",,,,,"2026-07-24T08:34:13.920Z","2026-07-24T08:34:13.920Z",,,,,,,,"",,,,"76ed26d9-5a6d-4b8d-a716-57c2b51f1ebc",77787,"","",
"JV-121","Joao Viegas Workspace","Add a list with the issues that impacted most on the KPIs for the Personal Performance","","Backlog",,"Medium",,,"joao.viegas@procimo.com","joao.viegas@procimo.com","Procimo Internal",,,,,"2026-07-28T08:45:45.263Z","2026-07-28T08:45:45.263Z",,,,,,,,"",,,,"415a7150-cd71-4853-9cce-733312793f53",72015,"","",
"JV-128","Joao Viegas Workspace","Review the KPIs calculations","","Backlog",,"Medium",,,"joao.viegas@procimo.com","joao.viegas@procimo.com","Procimo Internal",,,,,"2026-07-29T11:01:16.700Z","2026-07-29T11:01:16.700Z",,,,,,,,"",,,,"fd35ce52-b0e4-44c8-b91c-abcf17d6c3e0",70439,"","",
"JV-129","Joao Viegas Workspace","Simplify the KPIs team details page","","Backlog",,"Medium",,,"joao.viegas@procimo.com","joao.viegas@procimo.com","Procimo Internal",,,,,"2026-07-29T11:01:34.745Z","2026-07-29T11:01:34.745Z",,,,,,,,"",,,,"dc1c3ff9-a6c6-4b39-ad70-ff337d61ce60",70439,"","",
"JV-198","Joao Viegas Workspace","Test the issues from the Feature Flag","","Backlog",,"Medium",,,"joao.viegas@procimo.com","joao.viegas@procimo.com","Procimo Internal",,,,,"2026-08-11T16:04:50.945Z","2026-08-11T16:04:50.945Z",,,,,,,,"",,,,"1ca9359b-f365-4432-aeea-9f42243718ae",51416,"","",
"JV-260","Joao Viegas Workspace","Update the Procimo Internal issues","","Backlog",,"Medium",,,"joao.viegas@procimo.com","joao.viegas@procimo.com","Procimo Internal",,,,,"2026-09-08T09:17:19.999Z","2026-09-08T09:17:19.999Z",,,,,,,,"",,,,"c4834835-91aa-4397-bb38-9cbb12cf2eba",11503,"","",
"JV-242","Joao Viegas Workspace","Switch the database from Cloud SQL Connector on GCP to Supabase and Neon","","Backlog",,"Urgent",,,"joao.viegas@procimo.com","joao.viegas@procimo.com","Proflux",,,,,"2026-09-03T10:37:55.622Z","2026-09-03T10:37:55.622Z",,,,,,,,"",,,,"b4b63ed9-dcb2-41c2-adb7-dc9417e392da",18623,"","",
"JV-133","Joao Viegas Workspace","Reevaluate the phase 04 issues","","Backlog",,"High",,,"joao.viegas@procimo.com","joao.viegas@procimo.com","MES",,,,,"2026-07-30T09:19:01.810Z","2026-07-31T16:02:57.990Z",,,,,,,,"",,,,"64182ddc-b460-4441-bcbc-f3d4355a375e",68733,"","",
"JV-138","Joao Viegas Workspace","Review the Phase 04 feature spec documentation","","Backlog",,"Medium",,,"joao.viegas@procimo.com","joao.viegas@procimo.com","MES",,,,,"2026-07-31T10:51:29.918Z","2026-07-31T16:02:59.795Z",,,,,,,,"",,,,"14cd3b83-2048-4294-8404-7d7b0b917cdf",67258,"","",
"JV-273","Joao Viegas Workspace","Check MES database for events from SIMS","","Backlog",,"Medium",,,"joao.viegas@procimo.com","joao.viegas@procimo.com","MES",,,,,"2026-09-09T16:03:41.204Z","2026-09-09T16:03:41.204Z",,,,,,,,"",,,,"dc311507-47e1-430e-a731-fda3deead4dd",9657,"","",
"JV-164","Joao Viegas Workspace","Check the SIMS roadmap","","Backlog",,"Medium",,,"joao.viegas@procimo.com","joao.viegas@procimo.com","SIMS",,,,,"2026-08-05T15:42:07.503Z","2026-08-05T15:42:07.503Z",,,,,,,,"",,,,"e0d3a72f-678d-484b-bc86-32f75469f5f1",60079,"","",
"JV-151","Joao Viegas Workspace","Review the MES integration issues","","Backlog",,"Medium",,,"joao.viegas@procimo.com","joao.viegas@procimo.com","SIMS",,,,,"2026-08-04T13:27:44.768Z","2026-08-07T07:45:43.936Z",,,,,,,,"",,,,"d0a2fccd-ab10-4a89-9293-b9b1ee938793",57675,"","",
"JV-254","Joao Viegas Workspace","Create a launch playbook","","Backlog",,"Medium",,,"joao.viegas@procimo.com","joao.viegas@procimo.com","SIMS",,,,,"2026-09-08T08:50:44.214Z","2026-09-08T08:50:44.214Z",,,,,,,,"",,,,"88eb8c20-d744-41ba-987e-ab02549eff02",11530,"","",
"JV-271","Joao Viegas Workspace","Check if its possible to have a staging environment on Plastaze VM consuming the same data as production one","","Backlog",,"High",,,"joao.viegas@procimo.com","joao.viegas@procimo.com","SIMS",,,,,"2026-09-09T16:01:24.989Z","2026-09-09T16:01:24.989Z",,,,,,,,"",,,,"5bf41d48-1b16-4ec4-b9bb-43f2e00e0660",9659,"","",
"JV-270","Joao Viegas Workspace","Send an email to Ciprian about the VM requirements for INPLAS","","Backlog",,"Urgent",,,"joao.viegas@procimo.com","joao.viegas@procimo.com","SIMS",,,,,"2026-09-09T15:36:59.313Z","2026-09-11T12:51:57.266Z",,,,,,,,"",,,,"32e22950-146a-4811-9631-caa2b93e490a",6969,"","",
"JV-267","Joao Viegas Workspace","Answer on Microsoft Teams all bugs that have no answer at all according to Pedro document","","Backlog",,"Urgent",,,"joao.viegas@procimo.com","joao.viegas@procimo.com","SIMS",,,,,"2026-09-09T09:50:46.917Z","2026-09-11T12:51:58.681Z",,,,,,,,"",,,,"29709b3c-2066-4610-9a42-374939fcee2c",6969,"","",
"JV-118","Joao Viegas Workspace","Check the failing deploy on production","","Backlog",,"Medium",,,"joao.viegas@procimo.com","joao.viegas@procimo.com","SmartOps",,,,,"2026-07-27T13:26:44.367Z","2026-07-27T13:26:44.367Z",,,,,,,,"",,,,"537562a5-f68a-4d11-99fb-ae7b75146760",73174,"","",
"JV-256","Joao Viegas Workspace","Create a launch playbook","","Backlog",,"Medium",,,"joao.viegas@procimo.com","joao.viegas@procimo.com","SmartOps",,,,,"2026-09-08T08:51:12.889Z","2026-09-08T08:51:12.889Z",,,,,,,,"",,,,"84594209-f90f-4160-a1df-313ea1ae6c49",11530,"","",
"JV-27","Joao Viegas Workspace","Check how we can keep our data being processed against network losses and energy",,"Backlog",,"No priority",,,"joao.viegas@procimo.com","joao.viegas@procimo.com","Trackers",,,,,"2026-07-06T09:13:31.800Z","2026-07-21T09:19:04.788Z",,,,,,,,"",,,,"1d25af89-6aff-4bf9-a389-2d006dd1ec20",103388,"","",
"JV-163","Joao Viegas Workspace","Check the Trackers roadmap","","Backlog",,"Medium",,,"joao.viegas@procimo.com","joao.viegas@procimo.com","Trackers",,,,,"2026-08-05T15:41:59.014Z","2026-08-05T15:41:59.014Z",,,,,,,,"",,,,"12de825b-0658-4331-9cfd-70038a8745b7",60079,"","",
"JV-255","Joao Viegas Workspace","Create a launch playbook","","Backlog",,"Medium",,,"joao.viegas@procimo.com","joao.viegas@procimo.com","Trackers",,,,,"2026-09-08T08:50:59.695Z","2026-09-08T08:50:59.695Z",,,,,,,,"",,,,"54595bb5-dae9-4af3-b6d6-e65099c6351a",11530,"","",
"JV-272","Joao Viegas Workspace","Create an issue to analyze the KPIs Explorator latency and link with the 1166 and 1151","","Backlog",,"Urgent",,,"joao.viegas@procimo.com","joao.viegas@procimo.com","",,,,,"2026-09-09T16:03:07.751Z","2026-09-11T12:51:55.311Z",,,,,,,,"",,,,"c86e64f8-ce8e-44c3-a4f1-03c98f7c6536",6969,"","",
"JV-266","Joao Viegas Workspace","Review the projects on Linear to clean up them","","Backlog",,"Medium",,,"joao.viegas@procimo.com","joao.viegas@procimo.com","",,,,,"2026-09-09T06:25:47.858Z","2026-09-11T12:52:14.929Z",,,,,,,,"",,,,"aaafa381-9edd-4ac5-b497-d386a94985d6",6968,"","",